일차,시험,9,10,11,12,13,14,15,20,21,22
1,2021-3월,,,,,,,,,,
2,2021-4월,,,,,,,,,,
3,2021-7월,,,,,,,,,,
4,2021-10월,,,,,,,,,,
5,2022-사관,,,,,,,,,,
6,2022-3월,,,,,,,,,,
7,2022-4월,,,,,,,,,,
8,2022-7월,,,,,,,,,,
9,2022-10월,,,,,,,,,,
10,2023-사관,,,,,,,,,,
11,2023-3월,,,,,,,,,,
12,2023-4월,,,,,,,,,,
13,2023-7월,,,,,,,,,,
14,2023-10월,,,,,,,,,,
15,2024-사관,,,,,,,,,,
16,2024-3월,,,,,,,,,,
17,2024-5월,,,,,,,,,,
18,2024-7월,,,,,,,,,,
19,2024-10월,,,,,,,,,,
20,2025-사관,,,,,,,,,,
21,2025-3월,,,,,,,,,,
22,2025-5월,,,,,,,,,,
23,2025-7월,,,,,,,,,,
24,2025-10월,,,,,,,,,,
25,2026-사관,,,,,,,,,,
